Name,audioID,Folder,Class,Duration
RS ÔΩú Tiruchi Siva_s Remarks ÔΩú Discussion on the Journey of 75 Years of the Constitution of India.mp3,Audio_01_00001.mp3,1,1,2010.01
Vijay Kumar Hansdak‚Äôs Remarks ÔΩú Discussion on the Journey of 75 Years of the Constitution of India.mp3,Audio_01_00002.mp3,1,1,315.03
"LS ÔΩú Sudhakar Singh_s Remarks ÔΩú The Readjustment of Representation of ST State of Goa Bill, 2024.mp3",Audio_01_00003.mp3,1,1,400.01
Durai Vaiko_s Remarks ÔΩú Discussion on the Journey of 75 Years of the Constitution of India.mp3,Audio_01_00004.mp3,1,1,285.02
"LS ÔΩú Brijmohan Agrawal‚Äôs Remarks ÔΩú The Disaster Management (Amendment) Bill, 2024.mp3",Audio_01_00005.mp3,1,1,390.03
Rajesh Ranjan A. Pappu Yadav‚Äôs RemarksÔΩú Discussion on the Journey of 75 Years of the Constitution.mp3,Audio_01_00006.mp3,1,1,511.72
"Voting & Passing ÔΩú The Appropriation (No.3) Bill, 2024 ÔΩú 17 December, 2024.mp3",Audio_01_00007.mp3,1,1,115.01
"LS ÔΩú Papers laid on the table ÔΩú  Standing Committee Report ÔΩú  17 Dec, 2024.mp3",Audio_01_00008.mp3,1,1,390.0
Dr. M.P. Abdussamad Samadani_s RemarksÔΩú Supplementary Demands for Grants - First Batch for 2024-25.mp3,Audio_01_00009.mp3,1,1,370.03
Rahul Kaswan_s Remarks ÔΩú Supplementary Demands for Grants - First Batch for 2024-25.mp3,Audio_01_00010.mp3,1,1,400.01
"LS ÔΩú Dinesh Chandra Yadav‚Äôs Remarks ÔΩú The Disaster Management (Amendment) Bill, 2024.mp3",Audio_01_00011.mp3,1,1,440.02
Sougata Ray_s Remarks ÔΩú Discussion on the Journey of 75 Years of the Constitution of India.mp3,Audio_01_00012.mp3,1,1,414.16
LS ÔΩú Sayani Ghosh_s Remarks ÔΩú Supplementary Demands for Grants - First Batch for 2024-25.mp3,Audio_01_00013.mp3,1,1,600.03
Sachithanantham_s R. Remarks ÔΩú Discussion on the Journey of 75 Years of the Constitution of India.mp3,Audio_01_00014.mp3,1,1,285.02
Umeshbhai B. Patel_s Remarks ÔΩú Discussion on the Journey of 75 Years of the Constitution of In.mp3,Audio_01_00015.mp3,1,1,245.02
LS ÔΩú Sougata Ray_s RemarksÔΩú Supplementary Demands for Grants - First Batch for 2024-25.mp3,Audio_01_00016.mp3,1,1,690.0
"LS ÔΩú V. Vaithilingam_s Remarks ÔΩú The Disaster Management (Amendment) Bill, 2024.mp3",Audio_01_00017.mp3,1,1,285.01
LS ÔΩú Supriya Sule_s Remarks ÔΩú Supplementary Demands for Grants - First Batch for 2024-25.mp3,Audio_01_00018.mp3,1,1,685.04
"LS ÔΩú Sudhakar Singh_s Remarks ÔΩú The Disaster Management (Amendment) Bill, 2024.mp3",Audio_01_00019.mp3,1,1,465.03
"LS ÔΩú Hanuman Beniwal‚Äôs Remarks ÔΩú The Disaster Management (Amendment) Bill, 2024.mp3",Audio_01_00020.mp3,1,1,364.99
"LS ÔΩú Supriya Sule_s Remarks ÔΩúThe Readjustment of Representation of ST State of Goa Bill, 2024.mp3",Audio_01_00021.mp3,1,1,585.0
LS ÔΩú Manish Tewari_s RemarksÔΩú Supplementary Demands for Grants - First Batch for 2024-25.mp3,Audio_01_00022.mp3,1,1,705.17
LS ÔΩú Sudhakar Singh_s RemarksÔΩú Discussion on the Journey of 75 Years of the Constitution of India.mp3,Audio_01_00023.mp3,1,1,365.02
LS ÔΩú C. N. Annadurai_s Remarks ÔΩú Supplementary Demands for Grants - First Batch for 2024-25.mp3,Audio_01_00024.mp3,1,1,270.02
"LS ÔΩú K. Subbarayan_s Remarks ÔΩú The Disaster Management (Amendment) Bill, 2024.mp3",Audio_01_00025.mp3,1,1,304.99
The First Presidential DebateÔºö Hillary Clinton And Donald Trump (Full Debate) ÔΩú NBC News.mp3,Audio_01_00026.mp3,1,1,5937.77
Akhilesh Yadav‚Äôs Remarks ÔΩú Discussion on the Journey of 75 Years of the Constitution of India.mp3,Audio_01_00027.mp3,1,1,1750.02
"LS ÔΩú Ganesh Singh‚Äôs Remarks ÔΩú The Disaster Management (Amendment) Bill, 2024.mp3",Audio_01_00028.mp3,1,1,615.0
LS ÔΩú Darshan Singh Choudhary_s Remarks ÔΩú Supplementary Demands for Grants - First Batch for 2024-25.mp3,Audio_01_00029.mp3,1,1,485.02
Awadhesh Prasad‚Äôs Remarks ÔΩú Discussion on the Journey of 75 Years of the Constitution of India.mp3,Audio_01_00030.mp3,1,1,535.03
LS ÔΩú D. M. Kathir Anand_s RemarksÔΩú Supplementary Demands for Grants - First Batch for 2024-25.mp3,Audio_01_00031.mp3,1,1,695.02
LIVEÔºö Former President Joe Biden Delivers a Speech Following Donald Trump_s inauguration ÔΩú N18G.mp3,Audio_01_00032.mp3,1,1,14220.02
LS ÔΩú Dr. Gumma Thanuja Rani_s Remarks ÔΩú Supplementary Demands for Grants - First Batch for 2024-25.mp3,Audio_01_00033.mp3,1,1,380.02
Vishaldada Prakashbapu Patil_s Remarks ÔΩú Supplementary Demands for Grants - First Batch for 2024-25.mp3,Audio_01_00034.mp3,1,1,270.0
JUST CHATTING üî•‚ú®#payalgaming #payalgaminglive.mp3,Audio_01_00035.mp3,1,1,4520.02
LS ÔΩú Anand Bhadauriya_s Remarks ÔΩú Supplementary Demands for Grants - First Batch for 2024-25.mp3,Audio_01_00036.mp3,1,1,310.01
"LS ÔΩú Winter Session ÔΩú TimeÔºö 11_00 AM - 11Ôºö 02 AM ÔΩú 18 December, 2024.mp3",Audio_01_00037.mp3,1,1,160.01
FM Nirmala Sitharaman_s Reply ÔΩú Supplementary Demands for Grants - First Batch for 2024-2025.mp3,Audio_01_00038.mp3,1,1,3750.02
Alfred Kanngam S.Arthur Remarks ÔΩú Discussion on the Journey of 75 Years of the Constitution of India.mp3,Audio_01_00039.mp3,1,1,383.12
Smt. Pratibha Patil at The National Conference Of Women Legislators.mp3,Audio_01_00040.mp3,1,1,976.72
"LS ÔΩú Durai Vaiko_s Remarks ÔΩú The Disaster Management (Amendment) Bill, 2024.mp3",Audio_01_00041.mp3,1,1,240.0
"LS ÔΩú Question Hour ÔΩú Winter Session 2024 ÔΩú 11_00 AM - 12_00 PM ÔΩú 17 December, 2024.mp3",Audio_01_00042.mp3,1,1,3570.0
"MoS (IC) Arjun Ram Meghwal moves The Readjustment of Representation of ST State of Goa Bill, 2024.mp3",Audio_01_00043.mp3,1,1,185.02
RS ÔΩú Dr. Dinesh Sharma_s Remarks ÔΩú Discussion on Journey of 75 Years of Constitution of India.mp3,Audio_01_00044.mp3,1,1,935.02
"LS ÔΩú Lovely Anand‚Äôs Remarks ÔΩú The Disaster Management (Amendment) Bill, 2024.mp3",Audio_01_00045.mp3,1,1,195.02
"LS ÔΩú Dr. Gumma Thanuja Rani‚Äôs Remarks ÔΩú The Disaster Management (Amendment) Bill, 2024.mp3",Audio_01_00046.mp3,1,1,505.01
"LS ÔΩú Anil Baluni‚Äôs Remarks ÔΩú The Disaster Management (Amendment) Bill, 2024.mp3",Audio_01_00047.mp3,1,1,429.99
"LS ÔΩú Captain Viriato Fernandes‚Äôs Remarks ÔΩú The Disaster Management (Amendment) Bill, 2024.mp3",Audio_01_00048.mp3,1,1,549.24
"FM Nirmala Sitharaman introduces The Appropriation (No.3) Bill, 2024 in Lok Sabha.mp3",Audio_01_00049.mp3,1,1,425.02
"LS ÔΩú Pratima Mondal_s Remarks ÔΩú The Readjustment of Representation of ST State of Goa Bill, 2024.mp3",Audio_01_00050.mp3,1,1,415.01
Mian Altaf Ahmad_s Remarks ÔΩú Discussion on the Journey of 75 Years of the Constitution of India.mp3,Audio_01_00051.mp3,1,1,405.0
"LS ÔΩú Adv. Gowaal Kagada Padavi‚Äôs Remarks ÔΩú The Disaster Management (Amendment) Bill, 2024.mp3",Audio_01_00052.mp3,1,1,438.57
"LS ÔΩú Arun Govil‚Äôs Remarks ÔΩú The Disaster Management (Amendment) Bill, 2024.mp3",Audio_01_00053.mp3,1,1,349.99
"LS ÔΩú Putta Mahesh Kumar‚Äôs Remarks ÔΩú The Disaster Management (Amendment) Bill, 2024.mp3",Audio_01_00054.mp3,1,1,295.01
"LS ÔΩú Kesineni Sivanath‚Äôs Remarks ÔΩú The Disaster Management (Amendment) Bill, 2024.mp3",Audio_01_00055.mp3,1,1,294.99
LS Speaker_s Remarks ÔΩú Constitution Debate in Lok Sabha ÔΩú Winter session of Parliament.mp3,Audio_01_00056.mp3,1,1,490.01
LS ÔΩú Jugal Kishore_s Remarks ÔΩú Supplementary Demands for Grants - First Batch for 2024-25.mp3,Audio_01_00057.mp3,1,1,565.01
N. K. Premachandran_s Remarks ÔΩú Discussion on the Journey of 75 Years of the Constitution of India.mp3,Audio_01_00058.mp3,1,1,721.8
"LS ÔΩú Asaduddin Owaisi‚Äôs Remarks ÔΩú The Disaster Management (Amendment) Bill, 2024.mp3",Audio_01_00059.mp3,1,1,345.03
LS ÔΩú Lalji Verma‚Äôs RemarksÔΩú Supplementary Demands for Grants - First Batch for 2024-25.mp3,Audio_01_00060.mp3,1,1,695.02
"LS ÔΩú Shrirang Appa Barne‚Äôs Remarks ÔΩú The Disaster Management (Amendment) Bill, 2024.mp3",Audio_01_00061.mp3,1,1,365.02
LS ÔΩú Sudhakar Singh_s RemarksÔΩú Supplementary Demands for Grants - First Batch for 2024-25.mp3,Audio_01_00062.mp3,1,1,385.01
"LS ÔΩú K. RadhaKrishnan_s Remarks ÔΩú The Disaster Management (Amendment) Bill, 2024.mp3",Audio_01_00063.mp3,1,1,535.01
"LS ÔΩú Gurmeet Singh Meet Hayer‚Äôs Remarks ÔΩú The Disaster Management (Amendment) Bill, 2024.mp3",Audio_01_00064.mp3,1,1,285.14
Priya Saroj_s Remarks ÔΩú Discussion on the Journey of 75 Years of the Constitution of India.mp3,Audio_01_00065.mp3,1,1,310.01
LS ÔΩú Adv Chandrashekhar_s Remarks ÔΩú Supplementary Demands for Grants - First Batch for 2024-25.mp3,Audio_01_00066.mp3,1,1,455.02
President Droupadi Murmu_s Address to the Nation on the eve of the 74th Republic Day (English).mp3,Audio_01_00067.mp3,1,1,1346.5
"LS ÔΩú Navaskani K.‚Äôs Remarks ÔΩú The Disaster Management (Amendment) Bill, 2024.mp3",Audio_01_00068.mp3,1,1,522.36
Dr. Thol Thirumaavalavan‚Äôs Remarks ÔΩú Discussion on the Journey of 75 Years of the Constitution.mp3,Audio_01_00069.mp3,1,1,420.03
"PM Modi Live ÔΩú PM Modi Rally In Rohini, Delhi ÔΩú PM Modi Speech ÔΩú PM Modi News ÔΩú Delhi Assembly Polls.mp3",Audio_01_00070.mp3,1,1,12715.01
"Kalyan Banerjee_s Remarks ÔΩú The Disaster Management (Amendment) Bill, 2024 ÔΩú 11 December 2024.mp3",Audio_01_00071.mp3,1,1,1551.2
Kalyan Banerjee_s Remarks ÔΩú Discussion on the Journey of 75 Years of the Constitution of India.mp3,Audio_01_00072.mp3,1,1,1217.48
"Naresh Ganpat Mhaske_s Remarks ÔΩú The Readjustment of Representation of ST State of Goa Bill, 2024.mp3",Audio_01_00073.mp3,1,1,440.02
"LS ÔΩú Dr. Indra Hand Subba‚Äôs Remarks ÔΩú The Disaster Management (Amendment) Bill, 2024.mp3",Audio_01_00074.mp3,1,1,350.02
Pratibha Patil addresses joint session of Parliament.mp3,Audio_01_00075.mp3,1,1,690.26
Prof. Varsha Eknath Gaikwad_s Remarks ÔΩú Supplementary Demands for Grants - First Batch for 2024-25.mp3,Audio_01_00076.mp3,1,1,460.01
LS ÔΩú Eswarasamy K_s Remarks ÔΩú Supplementary Demands for Grants - First Batch for 2024-25.mp3,Audio_01_00077.mp3,1,1,330.0
"LS ÔΩú Winter Session 2024 ÔΩú 04_40 PM To 04_43 PM ÔΩú 11 December, 2024.mp3",Audio_01_00078.mp3,1,1,245.02
LS ÔΩú K. Subbarayan_s Remarks ÔΩú Supplementary Demands for Grants - First Batch for 2024-25.mp3,Audio_01_00079.mp3,1,1,310.01
Anupriya Patel_s Remarks ÔΩú Discussion on the Journey of 75 Years of the Constitution of India.mp3,Audio_01_00080.mp3,1,1,880.01
"MoS Nityanand Rai_s Reply ÔΩú The Disaster Management (Amendment) Bill, 2024..mp3",Audio_01_00081.mp3,1,1,2910.04
"LS ÔΩú Rajesh Ranjan‚Äôs Remarks ÔΩú The Disaster Management (Amendment) Bill, 2024.mp3",Audio_01_00082.mp3,1,1,435.07
Hibi Eden‚Äôs Remarks ÔΩú Discussion on the Journey of 75 Years of the Constitution of India.mp3,Audio_01_00083.mp3,1,1,625.01
Dr. Amol Ramsing‚Äôs Remarks ÔΩú Discussion on the Journey of 75 Years of the Constitution of India.mp3,Audio_01_00084.mp3,1,1,855.01
"LS ÔΩú Winter Session ÔΩú Time Ôºö 17_16 PM -17_25 PM ÔΩú 13 December, 2024.mp3",Audio_01_00085.mp3,1,1,595.01
Just chatting with my sister üëÄ‚ù§Ô∏èDay 12.mp3,Audio_01_00086.mp3,1,1,3164.53
"LS ÔΩú Mian Altaf Ahmad‚Äôs Remarks ÔΩú The Disaster Management (Amendment) Bill, 2024.mp3",Audio_01_00087.mp3,1,1,334.99
LS ÔΩú Raja Ram Singh_s Remarks ÔΩú Supplementary Demands for Grants - First Batch for 2024-25.mp3,Audio_01_00088.mp3,1,1,296.6
LS ÔΩú P.P. Chaudhary_s RemarksÔΩú Supplementary Demands for Grants - First Batch for 2024-25.mp3,Audio_01_00089.mp3,1,1,1090.87
Praniti Shinde_s Remarks ÔΩú Discussion on the Journey of 75 Years of the Constitution of India.mp3,Audio_01_00090.mp3,1,1,400.32
"LS ÔΩú Chandan Chauhan‚Äôs Remarks ÔΩú The Disaster Management (Amendment) Bill, 2024.mp3",Audio_01_00091.mp3,1,1,330.0
LS ÔΩú Shashank Mani_s Remarks ÔΩú Supplementary Demands for Grants - First Batch for 2024-25.mp3,Audio_01_00092.mp3,1,1,365.02
LSÔΩú Magunta Sreenivasulu Reddy_s RemarksÔΩú Supplementary Demands for Grants - First Batch for 2024-25.mp3,Audio_01_00093.mp3,1,1,465.03
Baat Cheet w Kaash üß°.mp3,Audio_01_00094.mp3,1,1,11872.2
Raj Kumar Roat‚Äôs Remarks ÔΩú Discussion on the Journey of 75 Years of the Constitution of India.mp3,Audio_01_00095.mp3,1,1,425.02
"LS ÔΩú Tapir Gao_s Remarks ÔΩú The Readjustment of Representation of ST State of Goa Bill, 2024.mp3",Audio_01_00096.mp3,1,1,640.01
ExclusiveÔºö Sonia Gandhi Full Interview With Rajdeep Sardesai.mp3,Audio_01_00097.mp3,1,1,2243.78
"LS ÔΩú Adv. Chandrashekhar‚Äôs Remarks ÔΩú The Disaster Management (Amendment) Bill, 2024.mp3",Audio_01_00098.mp3,1,1,335.02
Rajiv Ranjan Singh_s Remarks ÔΩú Discussion on the Journey of 75 Years of the Constitution of India.mp3,Audio_01_00099.mp3,1,1,1050.01
"LS ÔΩú Shyamkumar Daulat Barve‚Äôs Remarks ÔΩú The Disaster Management (Amendment) Bill, 2024.mp3",Audio_01_00100.mp3,1,1,310.01
Imran Masood_s Remarks ÔΩú Discussion on the Journey of 75 Years of the Constitution of India.mp3,Audio_01_00101.mp3,1,1,435.0
K. Subbarayan‚Äôs Remarks ÔΩú Discussion on the Journey of 75 Years of the Constitution of India.mp3,Audio_01_00102.mp3,1,1,475.01
Kiren Rijiju‚Äôs Remarks ÔΩú Discussion on the Journey of 75 Years of the Constitution of India.mp3,Audio_01_00103.mp3,1,1,4370.02
Dr. Byreddy Shabari_s Remarks ÔΩú Discussion on the Journey of 75 Years of the Constitution of India.mp3,Audio_01_00104.mp3,1,1,570.03
LS ÔΩú Jagdambika Pal_s Remarks ÔΩú Supplementary Demands for Grants - First Batch for 2024-25.mp3,Audio_01_00105.mp3,1,1,895.01
"LS ÔΩú Chhotelal_s Remarks ÔΩú The Disaster Management (Amendment) Bill, 2024.mp3",Audio_01_00106.mp3,1,1,434.75
"LS ÔΩú Question Hour ÔΩú Winter Session 2024 ÔΩú 11_00 AM - 12_00 PM ÔΩú 12 December, 2024.mp3",Audio_01_00107.mp3,1,1,3601.56
"LS ÔΩú Papers laid on the table ÔΩú Standing Committee Report ÔΩú Statements by Ministers ÔΩú 18 Dec, 2024.mp3",Audio_01_00108.mp3,1,1,570.03
Kumari Selja_s Remarks ÔΩú Discussion on the Journey of 75 Years of the Constitution of India.mp3,Audio_01_00109.mp3,1,1,500.0
Ravi Shankar Prasad_s Remarks ÔΩú Discussion on the Journey of 75 Years of the Constitution of India.mp3,Audio_01_00110.mp3,1,1,1550.0
T. R. Baalu_s Remarks ÔΩú Discussion on the Journey of 75 Years of the Constitution of India.mp3,Audio_01_00111.mp3,1,1,790.01
Mohammad Jawed_s Remarks ÔΩú Discussion on the Journey of 75 Years of the Constitution of India.mp3,Audio_01_00112.mp3,1,1,370.03
"Dr. Kirsan Namdeo_s Remarks ÔΩú The Readjustment of Representation of ST State of Goa Bill, 2024.mp3",Audio_01_00113.mp3,1,1,365.02
"LS ÔΩú Rajesh Verma_s Remarks ÔΩú The Disaster Management (Amendment) Bill, 2024.mp3",Audio_01_00114.mp3,1,1,440.02
LS ÔΩú Naresh Ganpat Mhaske_s Remarks ÔΩú Supplementary Demands for Grants - First Batch for 2024-25.mp3,Audio_01_00115.mp3,1,1,585.03
"LS ÔΩú Anil Yeshwant Desai_s Remarks ÔΩú The Disaster Management (Amendment) Bill, 2024.mp3",Audio_01_00116.mp3,1,1,495.0
"LS ÔΩú Zero Hour ÔΩú Winter Session 2024 ÔΩú 1_00 PM To 02_03 PM ÔΩú 16 December, 2024.mp3",Audio_01_00117.mp3,1,1,3779.95
LS ÔΩú Hanuman Beniwal_s Remarks ÔΩú Supplementary Demands for Grants - First Batch for 2024-25.mp3,Audio_01_00118.mp3,1,1,180.02
R Ranjan alias Pappu Yadav_s Remarks ÔΩú Supplementary Demands for Grants - First Batch for 2024-25.mp3,Audio_01_00119.mp3,1,1,440.02
LIVEÔºö BSP Chief Mayawati Press Conference ÔΩú Lucknow ÔΩú BJP ÔΩú SP ÔΩú Reservation ÔΩú Mayawati Birthday.mp3,Audio_01_00120.mp3,1,1,3900.0
Dr. Amar Singh_s Remarks ÔΩú Supplementary Demands for Grants - First Batch for 2024-25.mp3,Audio_01_00121.mp3,1,1,395.02
Abhijit Gangopadhyay_s Remarks ÔΩú Discussion on the Journey of 75 Years of the Constitution of India.mp3,Audio_01_00122.mp3,1,1,315.03
"MoS (IC), Law & Justice Arjun Ram Meghwal introduces 02 bills in Lok Sabha.mp3",Audio_01_00123.mp3,1,1,3785.68
"LS ÔΩú Virendra Singh‚Äôs Remarks ÔΩú The Disaster Management (Amendment) Bill, 2024.mp3",Audio_01_00124.mp3,1,1,425.02
INDIA Bloc_s Mega Rally LIVEÔΩú Rally In Delhi ÔΩúCM Arvind Kejriwal_s Arrest ÔΩú Lok Sabha Polls Coverage.mp3,Audio_01_00125.mp3,1,1,21458.37
"LS ÔΩú Question Hour ÔΩú Winter Session 2024 ÔΩú 11_00 AM - 12_00 PM ÔΩú 13 December, 2024.mp3",Audio_01_00126.mp3,1,1,3495.02
"LS ÔΩúDr. Alok Kumar Suman_s Remarks ÔΩúThe Readjustment of Representation of ST State of Goa Bill, 2024.mp3",Audio_01_00127.mp3,1,1,315.0
"LS ÔΩú Vishaldada Prakashbapu Patil‚Äôs Remarks ÔΩú The Disaster Management (Amendment) Bill, 2024.mp3",Audio_01_00128.mp3,1,1,225.02
M.Mallesh Babu‚Äôs Remarks ÔΩú Discussion on the Journey of 75 Years of the Constitution of India.mp3,Audio_01_00129.mp3,1,1,349.99
"LS ÔΩú Papers laid on the table ÔΩú Standing Committee Report ÔΩú  16 Dec, 2024.mp3",Audio_01_00130.mp3,1,1,215.02
"Captain Viriato Fernandes_ Remarks ÔΩúThe Readjustment of Representation of ST State of Goa Bill, 2024.mp3",Audio_01_00131.mp3,1,1,585.0
LS ÔΩú Kiren Rijiju‚Äôs Remarks ÔΩú Supplementary Demands for Grants - First Batch for 2024-25.mp3,Audio_01_00132.mp3,1,1,65.02
"LS ÔΩú M. Mallesh Babu‚Äôs Remarks ÔΩú The Disaster Management (Amendment) Bill, 2024.mp3",Audio_01_00133.mp3,1,1,200.02
LS ÔΩú Ravindra Dattaram Waikar_s RemarksÔΩú Supplementary Demands for Grants - First Batch for 2024-25.mp3,Audio_01_00134.mp3,1,1,345.0
"LS ÔΩú Santosh Pandey_s Remarks ÔΩú The Disaster Management (Amendment) Bill, 2024.mp3",Audio_01_00135.mp3,1,1,349.99
Bhartruhari Mahtab_s Remarks ÔΩú Discussion on the Journey of 75 Years of the Constitution of India.mp3,Audio_01_00136.mp3,1,1,1720.02
Mahua Moitra‚Äôs Remarks ÔΩú Discussion on the Journey of 75 Years of the Constitution of India.mp3,Audio_01_00137.mp3,1,1,1002.92
"Zia Ur Rehman‚Äôs RemarksÔΩú Discussion on the Journey of 75 Years of the Constitution ÔΩú 14 Dec, 2024.mp3",Audio_01_00138.mp3,1,1,380.02
The Second Presidential DebateÔºö Hillary Clinton and Donald Trump (Full Debate) ÔΩú CNBC.mp3,Audio_01_00139.mp3,1,1,5534.22
Arvind Kejriwal ‡§ï‡•Ä Haryana ‡§ï‡•á Rewari ‡§Æ‡•á‡§Ç ‡§ú‡§®‡§∏‡§≠‡§æ ‡§ï‡§æ‡§∞‡•ç‡§Ø‡§ï‡•ç‡§∞‡§Æ ÔΩú AAP Haryana ÔΩú Haryana Elections 2024.mp3,Audio_01_00140.mp3,1,1,2360.35
LS ÔΩú Raj Nath Singh_s Remarks ÔΩú Discussion on the Journey of 75 Years of the Constitution of India.mp3,Audio_01_00141.mp3,1,1,4005.0
"Tejasvi Surya‚Äôs RemarksÔΩú Discussion on the Journey of 75 Years of the Constitution ÔΩú 14 Dec, 2024.mp3",Audio_01_00142.mp3,1,1,1120.01
"LS ÔΩú Obituary References made by Lok Sabha Speaker ÔΩú 14 December, 2024.mp3",Audio_01_00143.mp3,1,1,335.8
"Dhaval Laxmanbhai Patel_s Remarks ÔΩúThe Readjustment of Representation of ST State of Goa Bill, 2024.mp3",Audio_01_00144.mp3,1,1,740.02
Malvinder Singh Kang‚Äôs Remarks ÔΩú Discussion on the Journey of 75 Years of the Constitution of India.mp3,Audio_01_00145.mp3,1,1,455.0
"LS ÔΩú N. K. Premachandran‚Äôs Remarks ÔΩú The Disaster Management (Amendment) Bill, 2024.mp3",Audio_01_00146.mp3,1,1,550.01
"LS ÔΩú Umeshbhai Babubhai Patel‚Äôs Remarks ÔΩú The Disaster Management (Amendment) Bill, 2024.mp3",Audio_01_00147.mp3,1,1,240.02
Priyanka Gandhi Vadra_s Remarks ÔΩú Discussion on the Journey of 75 Years of the Constitution of India.mp3,Audio_01_00148.mp3,1,1,1916.44
"LS ÔΩú Anand Bhadauriya‚Äôs Remarks ÔΩú The Disaster Management (Amendment) Bill, 2024.mp3",Audio_01_00149.mp3,1,1,310.01
Kamala Harris_s full speech to the Democratic National Convention.mp3,Audio_01_00150.mp3,1,1,2258.2
Anurag Singh Thakur_s Remarks ÔΩú Discussion on the Journey of 75 Years of the Constitution of India.mp3,Audio_01_00151.mp3,1,1,310.01
Kodikunnil Suresh_s Remarks ÔΩú Discussion on the Journey of 75 Years of the Constitution of India.mp3,Audio_01_00152.mp3,1,1,400.01
LS ÔΩú Nishikant Dubey_s Remarks ÔΩú Supplementary Demands for Grants - First Batch for 2024-25.mp3,Audio_01_00153.mp3,1,1,565.01
Raja Ram Singh_s  Remarks ÔΩú Discussion on the Journey of 75 Years of the Constitution of India.mp3,Audio_01_00154.mp3,1,1,420.03
Adv. Chandrashekhar_s Remarks ÔΩú Discussion on the Journey of 75 Years of the Constitution of India.mp3,Audio_01_00155.mp3,1,1,410.04
S. Jothimani_s Remarks ÔΩú Discussion on the Journey of 75 Years of the Constitution of India.mp3,Audio_01_00156.mp3,1,1,236.36
"Live Ôºö Corner Meeting, Smt Priyanka Gandhi Ji,Pothukallu, Nilambur LAC, Wayanad.mp3",Audio_01_00157.mp3,1,1,1590.01
Gurumoorthy Maddila_s Remarks ÔΩú Discussion on the Journey of 75 Years of the Constitution of India.mp3,Audio_01_00158.mp3,1,1,425.02
"Lok Sabha Speaker Om Birla welcomes the Armenian Parliamentary delegation ÔΩú 17 December, 2024.mp3",Audio_01_00160.mp3,1,1,135.02
Sanjay Singh SpeechÔºö Rajya Sabha ‡§Æ‡•á‡§Ç ‡§∏‡§Ç‡§ú‡§Ø ‡§∏‡§ø‡§Ç‡§π ‡§ï‡§æ ‡§¶‡§ø‡§ñ‡§æ ‡§∞‡•å‡§¶‡•ç‡§∞ ‡§∞‡•Å‡§™ ÔΩú JP Nadda ÔΩú AAP ÔΩú Delhi Voter List.mp3,Audio_01_00161.mp3,1,1,777.29
Arvind Ganpat Sawant‚Äôs Remarks ÔΩú Discussion on the Journey of 75 Years of the Constitution of India.mp3,Audio_01_00162.mp3,1,1,1060.01
Lok Sabha pays tribute to martyrs who sacrificed lives during Parliament attack.mp3,Audio_01_00163.mp3,1,1,145.01
Aparajita Sarangi_s Remarks ÔΩú Discussion on the Journey of 75 Years of the Constitution of India.mp3,Audio_01_00164.mp3,1,1,395.02
"LS ÔΩú Winter Session 2024 ÔΩú 1_00 PM To 01_02 PM ÔΩú 12 December, 2024.mp3",Audio_01_00165.mp3,1,1,70.01
Sribharat Mathukumili_s Remarks ÔΩú Supplementary Demands for Grants - First Batch for 2024-25.mp3,Audio_01_00166.mp3,1,1,315.03
LS ÔΩú Chamala Kiran K. Reddy_s Remarks ÔΩú Supplementary Demands for Grants - First Batch for 2024-25.mp3,Audio_01_00167.mp3,1,1,400.01
LS ÔΩú Dr. M K Vishnuprasad_s Remarks ÔΩú Supplementary Demands for Grants - First Batch for 2024-25.mp3,Audio_01_00168.mp3,1,1,470.36
LS ÔΩú Durai Vaiko_s Remarks ÔΩú Supplementary Demands for Grants - First Batch for 2024-25.mp3,Audio_01_00169.mp3,1,1,250.01
Rahul Gandhi‚Äôs Remarks ÔΩú Discussion on the Journey of 75 Years of the Constitution of India.mp3,Audio_01_00170.mp3,1,1,1600.02
Dr. D. Purandeswari‚Äôs Remarks ÔΩú Discussion on the Journey of 75 Years of the Constitution of India.mp3,Audio_01_00171.mp3,1,1,1219.3
"FULL SPEECHÔºö Kamala Harris at the Ellipse in Washington, DC.mp3",Audio_01_00172.mp3,1,1,1782.63
President Droupadi Murmu addresses the Officer Trainees of Indian Police Service (74th RR Batch).mp3,Audio_01_00173.mp3,1,1,1556.69
"Lok Sabha Speaker Om Birla Congratulates D. Gukesh on Winning World Chess Championship ÔΩú13 Dec, 2024.mp3",Audio_01_00174.mp3,1,1,90.0
"LS ÔΩú Papers laid on the table ÔΩú Committee Report ÔΩú Statements by Ministers  ÔΩú 13 Dec, 2024.mp3",Audio_01_00175.mp3,1,1,295.01
"Sukhdeo Bhagat‚Äôs RemarksÔΩú Discussion on the Journey of 75 Years of the Constitution ÔΩú 14 Dec, 2024.mp3",Audio_01_00176.mp3,1,1,442.8
"Message from Rajya Sabha ÔΩú Secretary General ÔΩú 14 December, 2024.mp3",Audio_01_00177.mp3,1,1,21.48
LS ÔΩú Anil Yeshwant Desai_s Remarks ÔΩú Supplementary Demands for Grants - First Batch for 2024-25.mp3,Audio_01_00178.mp3,1,1,445.01
Asaduddin Owaisi_s Remarks ÔΩú Discussion on the Journey of 75 Years of the Constitution of India.mp3,Audio_01_00179.mp3,1,1,545.04
"LS ÔΩú Saptagiri Sankar Ulaka_s Remarks ÔΩú The Disaster Management (Amendment) Bill, 2024.mp3",Audio_01_00180.mp3,1,1,515.0
"LS ÔΩú Question Hour ÔΩú Winter Session 2024 ÔΩú 11_00 AM - 12_00 PM ÔΩú 16 December, 2024.mp3",Audio_01_00181.mp3,1,1,3679.99
WatchÔºö Full Speech Of Sushma Swaraj At UN.mp3,Audio_01_00182.mp3,1,1,1295.72
E.T. Mohammed Basheer‚Äôs Remarks ÔΩú Discussion on the Journey of 75 Years of the Constitution of India.mp3,Audio_01_00183.mp3,1,1,533.97
Lavu Sri k Devarayalu_s Remarks ÔΩú Discussion on the Journey of 75 Years of the Constitution of India.mp3,Audio_01_00184.mp3,1,1,725.02
P. P. Chaudhary_s Remarks ÔΩú Discussion on the Journey of 75 Years of the Constitution of India.mp3,Audio_01_00185.mp3,1,1,150.02
"LS ÔΩú Ram Shiromani Verma_s Remarks ÔΩú The Disaster Management (Amendment) Bill, 2024.mp3",Audio_01_00186.mp3,1,1,545.02
Hanuman Beniwal‚Äôs Remarks ÔΩú Discussion on the Journey of 75 Years of the Constitution of India.mp3,Audio_01_00187.mp3,1,1,400.01
Sukhjinder S Randhawa‚Äôs Remarks ÔΩú Discussion on the Journey of 75 Years of the Constitution of India.mp3,Audio_01_00188.mp3,1,1,740.02
"LS ÔΩú Arun Nehru_s Remarks ÔΩú The Disaster Management (Amendment) Bill, 2024.mp3",Audio_01_00189.mp3,1,1,139.99
A. Raja_s Remarks ÔΩú Discussion on the Journey of 75 Years of the Constitution of India.mp3,Audio_01_00190.mp3,1,1,1757.08
Shambhavi‚Äôs Remarks ÔΩú Discussion on the Journey of 75 Years of the Constitution of India.mp3,Audio_01_00191.mp3,1,1,695.0
"Raju Bista_s Remarks ÔΩú The Readjustment of Representation of ST State of Goa Bill, 2024.mp3",Audio_01_00192.mp3,1,1,340.03
"Dr. Gumma Thanuja Rani_s Remarks ÔΩú The Readjustment of Representation of ST State of Goa Bill, 2024.mp3",Audio_01_00193.mp3,1,1,325.01
"LS ÔΩú Adv. Dean Kuriakose‚Äôs Remarks ÔΩú The Disaster Management (Amendment) Bill, 2024.mp3",Audio_01_00194.mp3,1,1,235.03
"LS ÔΩú Winter Session ÔΩú TimeÔºö 17_53 PM - 17Ôºö 56 PM ÔΩú 13 December, 2024.mp3",Audio_01_00195.mp3,1,1,195.0
"Ambica G Lakshminarayana_s Remarks ÔΩúThe Readjustment of Representation of ST State of Goa Bill, 2024.mp3",Audio_01_00196.mp3,1,1,400.01
LS ÔΩú K C Venugopal‚Äôs Remarks ÔΩú Supplementary Demands for Grants - First Batch for 2024-25.mp3,Audio_01_00197.mp3,1,1,1655.03
LS ÔΩú Dr. Sanjay Jaiswal_s Remarks ÔΩú Supplementary Demands for Grants - First Batch for 2024-25.mp3,Audio_01_00198.mp3,1,1,870.01
Iqra Choudhary‚Äôs Remarks ÔΩú Discussion on the Journey of 75 Years of the Constitution of India.mp3,Audio_01_00199.mp3,1,1,440.02
LS ÔΩú Gurmeet Singh Meet Hayer_s RemarksÔΩú Supplementary Demands for Grants - First Batch for 2024-25.mp3,Audio_01_00200.mp3,1,1,270.02
üî¥ LIVE - FIRST EVER STREAM ON YOUTUBE Ôºö) Q&A + youtube vs twitch showdown with friends!.mp3,Audio_01_00201.mp3,1,1,13946.02
"Voting & Passing ÔΩú The Disaster Management (Amendment) Bill, 2024..mp3",Audio_01_00202.mp3,1,1,1315.02
Obituary References made by Lok Sabha Speaker ÔΩú 19 December 2024.mp3,Audio_01_00203.mp3,1,1,135.02
LS ÔΩú Dharmendra Yadav_s Remarks ÔΩú Supplementary Demands for Grants - First Batch for 2024-25.mp3,Audio_01_00204.mp3,1,1,395.36
Dr. Shrikant Shinde  Remarks ÔΩú Discussion on the Journey of 75 Years of the Constitution of India.mp3,Audio_01_00205.mp3,1,1,1623.56
"LS ÔΩú Sanjay Uttamrao Deshmukh‚Äôs Remarks ÔΩú The Disaster Management (Amendment) Bill, 2024.mp3",Audio_01_00206.mp3,1,1,230.02
"LS ÔΩú Zero Hour ÔΩú Winter Session 2024 ÔΩú 12_04 PM To 12_18 PM ÔΩú 12 December, 2024.mp3",Audio_01_00207.mp3,1,1,757.4
"Voting & Passing ÔΩú Supplementary Demands for Grants - First Batch for 2024-2025 ÔΩú 17 December, 2024.mp3",Audio_01_00208.mp3,1,1,140.02
Krutika is Live  ‚ù• ÔΩú Cooking Stream Tomorrow.mp3,Audio_01_00209.mp3,1,1,9695.0
Joyanta Basumatary_s Remarks ÔΩú Discussion on the Journey of 75 Years of the Constitution of India.mp3,Audio_01_00210.mp3,1,1,280.01
"LS ÔΩú Papers laid on the table ÔΩú Standing Committee Reports ÔΩú Statements by Ministers  ÔΩú 12 Dec, 2024.mp3",Audio_01_00211.mp3,1,1,415.01
Jagdambika Pal‚Äôs Remarks ÔΩú Discussion on the Journey of 75 Years of the Constitution of India.mp3,Audio_01_00212.mp3,1,1,1550.0
"LS ÔΩú Shankar Lalwani‚Äôs Remarks ÔΩú The Disaster Management (Amendment) Bill, 2024.mp3",Audio_01_00213.mp3,1,1,205.01
"LS ÔΩú Sudama Prasad‚Äôs Remarks ÔΩú The Disaster Management (Amendment) Bill, 2024.mp3",Audio_01_00214.mp3,1,1,259.29
WATCH LIVEÔºö Kamala Harris speaks at 2024 Democratic National Convention.mp3,Audio_01_00215.mp3,1,1,3510.04
"LS ÔΩú Sougata Ray‚Äôs Remarks ÔΩú The Disaster Management (Amendment) Bill, 2024.mp3",Audio_01_00216.mp3,1,1,590.02
"LS ÔΩú 02 Bills for Reference to Joint Committee ÔΩú 20 Dec, 2024.mp3",Audio_01_00217.mp3,1,1,220.01
LS ÔΩú Dr. K. Sudhakar_s Remarks ÔΩú Supplementary Demands for Grants - First Batch for 2024-25.mp3,Audio_01_00218.mp3,1,1,850.01
LS ÔΩú Adv K. Francis George_s Remarks ÔΩú Supplementary Demands for Grants - First Batch for 2024-25.mp3,Audio_01_00219.mp3,1,1,380.02
"LS ÔΩú Winter Session 2024 ÔΩú 05_00 PM To 05_01 PM ÔΩú 11 December, 2024.mp3",Audio_01_00220.mp3,1,1,165.0
"LS ÔΩú Zero Hour ÔΩú Winter Session 2024 ÔΩú 12_00 PM To 01_00 PM ÔΩú 16 December, 2024.mp3",Audio_01_00221.mp3,1,1,3332.56
