Name,audioID,Folder,Class
"Voting on 2 bills Constitution (129th Amend) Bill, 2024 & Union Territories Laws (Amend) Bill, 2024.mp3",Audio_01_00000.mp3,1,1
RS ÔΩú Tiruchi Siva_s Remarks ÔΩú Discussion on the Journey of 75 Years of the Constitution of India.mp3,Audio_01_00001.mp3,1,1
Vijay Kumar Hansdak‚Äôs Remarks ÔΩú Discussion on the Journey of 75 Years of the Constitution of India.mp3,Audio_01_00002.mp3,1,1
"LS ÔΩú Sudhakar Singh_s Remarks ÔΩú The Readjustment of Representation of ST State of Goa Bill, 2024.mp3",Audio_01_00003.mp3,1,1
Durai Vaiko_s Remarks ÔΩú Discussion on the Journey of 75 Years of the Constitution of India.mp3,Audio_01_00004.mp3,1,1
"LS ÔΩú Brijmohan Agrawal‚Äôs Remarks ÔΩú The Disaster Management (Amendment) Bill, 2024.mp3",Audio_01_00005.mp3,1,1
Rajesh Ranjan A. Pappu Yadav‚Äôs RemarksÔΩú Discussion on the Journey of 75 Years of the Constitution.mp3,Audio_01_00006.mp3,1,1
"Voting & Passing ÔΩú The Appropriation (No.3) Bill, 2024 ÔΩú 17 December, 2024.mp3",Audio_01_00007.mp3,1,1
"LS ÔΩú Papers laid on the table ÔΩú  Standing Committee Report ÔΩú  17 Dec, 2024.mp3",Audio_01_00008.mp3,1,1
Dr. M.P. Abdussamad Samadani_s RemarksÔΩú Supplementary Demands for Grants - First Batch for 2024-25.mp3,Audio_01_00009.mp3,1,1
Rahul Kaswan_s Remarks ÔΩú Supplementary Demands for Grants - First Batch for 2024-25.mp3,Audio_01_00010.mp3,1,1
"LS ÔΩú Dinesh Chandra Yadav‚Äôs Remarks ÔΩú The Disaster Management (Amendment) Bill, 2024.mp3",Audio_01_00011.mp3,1,1
Sougata Ray_s Remarks ÔΩú Discussion on the Journey of 75 Years of the Constitution of India.mp3,Audio_01_00012.mp3,1,1
LS ÔΩú Sayani Ghosh_s Remarks ÔΩú Supplementary Demands for Grants - First Batch for 2024-25.mp3,Audio_01_00013.mp3,1,1
Sachithanantham_s R. Remarks ÔΩú Discussion on the Journey of 75 Years of the Constitution of India.mp3,Audio_01_00014.mp3,1,1
Umeshbhai B. Patel_s Remarks ÔΩú Discussion on the Journey of 75 Years of the Constitution of In.mp3,Audio_01_00015.mp3,1,1
LS ÔΩú Sougata Ray_s RemarksÔΩú Supplementary Demands for Grants - First Batch for 2024-25.mp3,Audio_01_00016.mp3,1,1
"LS ÔΩú V. Vaithilingam_s Remarks ÔΩú The Disaster Management (Amendment) Bill, 2024.mp3",Audio_01_00017.mp3,1,1
LS ÔΩú Supriya Sule_s Remarks ÔΩú Supplementary Demands for Grants - First Batch for 2024-25.mp3,Audio_01_00018.mp3,1,1
"LS ÔΩú Sudhakar Singh_s Remarks ÔΩú The Disaster Management (Amendment) Bill, 2024.mp3",Audio_01_00019.mp3,1,1
"LS ÔΩú Hanuman Beniwal‚Äôs Remarks ÔΩú The Disaster Management (Amendment) Bill, 2024.mp3",Audio_01_00020.mp3,1,1
"LS ÔΩú Supriya Sule_s Remarks ÔΩúThe Readjustment of Representation of ST State of Goa Bill, 2024.mp3",Audio_01_00021.mp3,1,1
LS ÔΩú Manish Tewari_s RemarksÔΩú Supplementary Demands for Grants - First Batch for 2024-25.mp3,Audio_01_00022.mp3,1,1
LS ÔΩú Sudhakar Singh_s RemarksÔΩú Discussion on the Journey of 75 Years of the Constitution of India.mp3,Audio_01_00023.mp3,1,1
LS ÔΩú C. N. Annadurai_s Remarks ÔΩú Supplementary Demands for Grants - First Batch for 2024-25.mp3,Audio_01_00024.mp3,1,1
"LS ÔΩú K. Subbarayan_s Remarks ÔΩú The Disaster Management (Amendment) Bill, 2024.mp3",Audio_01_00025.mp3,1,1
The First Presidential DebateÔºö Hillary Clinton And Donald Trump (Full Debate) ÔΩú NBC News.mp3,Audio_01_00026.mp3,1,1
Akhilesh Yadav‚Äôs Remarks ÔΩú Discussion on the Journey of 75 Years of the Constitution of India.mp3,Audio_01_00027.mp3,1,1
"LS ÔΩú Ganesh Singh‚Äôs Remarks ÔΩú The Disaster Management (Amendment) Bill, 2024.mp3",Audio_01_00028.mp3,1,1
LS ÔΩú Darshan Singh Choudhary_s Remarks ÔΩú Supplementary Demands for Grants - First Batch for 2024-25.mp3,Audio_01_00029.mp3,1,1
Awadhesh Prasad‚Äôs Remarks ÔΩú Discussion on the Journey of 75 Years of the Constitution of India.mp3,Audio_01_00030.mp3,1,1
LS ÔΩú D. M. Kathir Anand_s RemarksÔΩú Supplementary Demands for Grants - First Batch for 2024-25.mp3,Audio_01_00031.mp3,1,1
LIVEÔºö Former President Joe Biden Delivers a Speech Following Donald Trump_s inauguration ÔΩú N18G.mp3,Audio_01_00032.mp3,1,1
LS ÔΩú Dr. Gumma Thanuja Rani_s Remarks ÔΩú Supplementary Demands for Grants - First Batch for 2024-25.mp3,Audio_01_00033.mp3,1,1
Vishaldada Prakashbapu Patil_s Remarks ÔΩú Supplementary Demands for Grants - First Batch for 2024-25.mp3,Audio_01_00034.mp3,1,1
JUST CHATTING üî•‚ú®#payalgaming #payalgaminglive.mp3,Audio_01_00035.mp3,1,1
LS ÔΩú Anand Bhadauriya_s Remarks ÔΩú Supplementary Demands for Grants - First Batch for 2024-25.mp3,Audio_01_00036.mp3,1,1
"LS ÔΩú Winter Session ÔΩú TimeÔºö 11_00 AM - 11Ôºö 02 AM ÔΩú 18 December, 2024.mp3",Audio_01_00037.mp3,1,1
FM Nirmala Sitharaman_s Reply ÔΩú Supplementary Demands for Grants - First Batch for 2024-2025.mp3,Audio_01_00038.mp3,1,1
Alfred Kanngam S.Arthur Remarks ÔΩú Discussion on the Journey of 75 Years of the Constitution of India.mp3,Audio_01_00039.mp3,1,1
Smt. Pratibha Patil at The National Conference Of Women Legislators.mp3,Audio_01_00040.mp3,1,1
"LS ÔΩú Durai Vaiko_s Remarks ÔΩú The Disaster Management (Amendment) Bill, 2024.mp3",Audio_01_00041.mp3,1,1
"LS ÔΩú Question Hour ÔΩú Winter Session 2024 ÔΩú 11_00 AM - 12_00 PM ÔΩú 17 December, 2024.mp3",Audio_01_00042.mp3,1,1
"MoS (IC) Arjun Ram Meghwal moves The Readjustment of Representation of ST State of Goa Bill, 2024.mp3",Audio_01_00043.mp3,1,1
RS ÔΩú Dr. Dinesh Sharma_s Remarks ÔΩú Discussion on Journey of 75 Years of Constitution of India.mp3,Audio_01_00044.mp3,1,1
"LS ÔΩú Lovely Anand‚Äôs Remarks ÔΩú The Disaster Management (Amendment) Bill, 2024.mp3",Audio_01_00045.mp3,1,1
"LS ÔΩú Dr. Gumma Thanuja Rani‚Äôs Remarks ÔΩú The Disaster Management (Amendment) Bill, 2024.mp3",Audio_01_00046.mp3,1,1
"LS ÔΩú Anil Baluni‚Äôs Remarks ÔΩú The Disaster Management (Amendment) Bill, 2024.mp3",Audio_01_00047.mp3,1,1
"LS ÔΩú Captain Viriato Fernandes‚Äôs Remarks ÔΩú The Disaster Management (Amendment) Bill, 2024.mp3",Audio_01_00048.mp3,1,1
"FM Nirmala Sitharaman introduces The Appropriation (No.3) Bill, 2024 in Lok Sabha.mp3",Audio_01_00049.mp3,1,1
"LS ÔΩú Pratima Mondal_s Remarks ÔΩú The Readjustment of Representation of ST State of Goa Bill, 2024.mp3",Audio_01_00050.mp3,1,1
Mian Altaf Ahmad_s Remarks ÔΩú Discussion on the Journey of 75 Years of the Constitution of India.mp3,Audio_01_00051.mp3,1,1
"LS ÔΩú Adv. Gowaal Kagada Padavi‚Äôs Remarks ÔΩú The Disaster Management (Amendment) Bill, 2024.mp3",Audio_01_00052.mp3,1,1
"LS ÔΩú Arun Govil‚Äôs Remarks ÔΩú The Disaster Management (Amendment) Bill, 2024.mp3",Audio_01_00053.mp3,1,1
"LS ÔΩú Putta Mahesh Kumar‚Äôs Remarks ÔΩú The Disaster Management (Amendment) Bill, 2024.mp3",Audio_01_00054.mp3,1,1
"LS ÔΩú Kesineni Sivanath‚Äôs Remarks ÔΩú The Disaster Management (Amendment) Bill, 2024.mp3",Audio_01_00055.mp3,1,1
LS Speaker_s Remarks ÔΩú Constitution Debate in Lok Sabha ÔΩú Winter session of Parliament.mp3,Audio_01_00056.mp3,1,1
LS ÔΩú Jugal Kishore_s Remarks ÔΩú Supplementary Demands for Grants - First Batch for 2024-25.mp3,Audio_01_00057.mp3,1,1
N. K. Premachandran_s Remarks ÔΩú Discussion on the Journey of 75 Years of the Constitution of India.mp3,Audio_01_00058.mp3,1,1
"LS ÔΩú Asaduddin Owaisi‚Äôs Remarks ÔΩú The Disaster Management (Amendment) Bill, 2024.mp3",Audio_01_00059.mp3,1,1
LS ÔΩú Lalji Verma‚Äôs RemarksÔΩú Supplementary Demands for Grants - First Batch for 2024-25.mp3,Audio_01_00060.mp3,1,1
"LS ÔΩú Shrirang Appa Barne‚Äôs Remarks ÔΩú The Disaster Management (Amendment) Bill, 2024.mp3",Audio_01_00061.mp3,1,1
LS ÔΩú Sudhakar Singh_s RemarksÔΩú Supplementary Demands for Grants - First Batch for 2024-25.mp3,Audio_01_00062.mp3,1,1
"LS ÔΩú K. RadhaKrishnan_s Remarks ÔΩú The Disaster Management (Amendment) Bill, 2024.mp3",Audio_01_00063.mp3,1,1
"LS ÔΩú Gurmeet Singh Meet Hayer‚Äôs Remarks ÔΩú The Disaster Management (Amendment) Bill, 2024.mp3",Audio_01_00064.mp3,1,1
Priya Saroj_s Remarks ÔΩú Discussion on the Journey of 75 Years of the Constitution of India.mp3,Audio_01_00065.mp3,1,1
LS ÔΩú Adv Chandrashekhar_s Remarks ÔΩú Supplementary Demands for Grants - First Batch for 2024-25.mp3,Audio_01_00066.mp3,1,1
President Droupadi Murmu_s Address to the Nation on the eve of the 74th Republic Day (English).mp3,Audio_01_00067.mp3,1,1
"LS ÔΩú Navaskani K.‚Äôs Remarks ÔΩú The Disaster Management (Amendment) Bill, 2024.mp3",Audio_01_00068.mp3,1,1
Dr. Thol Thirumaavalavan‚Äôs Remarks ÔΩú Discussion on the Journey of 75 Years of the Constitution.mp3,Audio_01_00069.mp3,1,1
"PM Modi Live ÔΩú PM Modi Rally In Rohini, Delhi ÔΩú PM Modi Speech ÔΩú PM Modi News ÔΩú Delhi Assembly Polls.mp3",Audio_01_00070.mp3,1,1
"Kalyan Banerjee_s Remarks ÔΩú The Disaster Management (Amendment) Bill, 2024 ÔΩú 11 December 2024.mp3",Audio_01_00071.mp3,1,1
Kalyan Banerjee_s Remarks ÔΩú Discussion on the Journey of 75 Years of the Constitution of India.mp3,Audio_01_00072.mp3,1,1
"Naresh Ganpat Mhaske_s Remarks ÔΩú The Readjustment of Representation of ST State of Goa Bill, 2024.mp3",Audio_01_00073.mp3,1,1
"LS ÔΩú Dr. Indra Hand Subba‚Äôs Remarks ÔΩú The Disaster Management (Amendment) Bill, 2024.mp3",Audio_01_00074.mp3,1,1
Pratibha Patil addresses joint session of Parliament.mp3,Audio_01_00075.mp3,1,1
Prof. Varsha Eknath Gaikwad_s Remarks ÔΩú Supplementary Demands for Grants - First Batch for 2024-25.mp3,Audio_01_00076.mp3,1,1
LS ÔΩú Eswarasamy K_s Remarks ÔΩú Supplementary Demands for Grants - First Batch for 2024-25.mp3,Audio_01_00077.mp3,1,1
"LS ÔΩú Winter Session 2024 ÔΩú 04_40 PM To 04_43 PM ÔΩú 11 December, 2024.mp3",Audio_01_00078.mp3,1,1
LS ÔΩú K. Subbarayan_s Remarks ÔΩú Supplementary Demands for Grants - First Batch for 2024-25.mp3,Audio_01_00079.mp3,1,1
Anupriya Patel_s Remarks ÔΩú Discussion on the Journey of 75 Years of the Constitution of India.mp3,Audio_01_00080.mp3,1,1
"MoS Nityanand Rai_s Reply ÔΩú The Disaster Management (Amendment) Bill, 2024..mp3",Audio_01_00081.mp3,1,1
"LS ÔΩú Rajesh Ranjan‚Äôs Remarks ÔΩú The Disaster Management (Amendment) Bill, 2024.mp3",Audio_01_00082.mp3,1,1
Hibi Eden‚Äôs Remarks ÔΩú Discussion on the Journey of 75 Years of the Constitution of India.mp3,Audio_01_00083.mp3,1,1
Dr. Amol Ramsing‚Äôs Remarks ÔΩú Discussion on the Journey of 75 Years of the Constitution of India.mp3,Audio_01_00084.mp3,1,1
"LS ÔΩú Winter Session ÔΩú Time Ôºö 17_16 PM -17_25 PM ÔΩú 13 December, 2024.mp3",Audio_01_00085.mp3,1,1
Just chatting with my sister üëÄ‚ù§Ô∏èDay 12.mp3,Audio_01_00086.mp3,1,1
"LS ÔΩú Mian Altaf Ahmad‚Äôs Remarks ÔΩú The Disaster Management (Amendment) Bill, 2024.mp3",Audio_01_00087.mp3,1,1
LS ÔΩú Raja Ram Singh_s Remarks ÔΩú Supplementary Demands for Grants - First Batch for 2024-25.mp3,Audio_01_00088.mp3,1,1
LS ÔΩú P.P. Chaudhary_s RemarksÔΩú Supplementary Demands for Grants - First Batch for 2024-25.mp3,Audio_01_00089.mp3,1,1
Praniti Shinde_s Remarks ÔΩú Discussion on the Journey of 75 Years of the Constitution of India.mp3,Audio_01_00090.mp3,1,1
"LS ÔΩú Chandan Chauhan‚Äôs Remarks ÔΩú The Disaster Management (Amendment) Bill, 2024.mp3",Audio_01_00091.mp3,1,1
LS ÔΩú Shashank Mani_s Remarks ÔΩú Supplementary Demands for Grants - First Batch for 2024-25.mp3,Audio_01_00092.mp3,1,1
LSÔΩú Magunta Sreenivasulu Reddy_s RemarksÔΩú Supplementary Demands for Grants - First Batch for 2024-25.mp3,Audio_01_00093.mp3,1,1
Baat Cheet w Kaash üß°.mp3,Audio_01_00094.mp3,1,1
Raj Kumar Roat‚Äôs Remarks ÔΩú Discussion on the Journey of 75 Years of the Constitution of India.mp3,Audio_01_00095.mp3,1,1
"LS ÔΩú Tapir Gao_s Remarks ÔΩú The Readjustment of Representation of ST State of Goa Bill, 2024.mp3",Audio_01_00096.mp3,1,1
ExclusiveÔºö Sonia Gandhi Full Interview With Rajdeep Sardesai.mp3,Audio_01_00097.mp3,1,1
"LS ÔΩú Adv. Chandrashekhar‚Äôs Remarks ÔΩú The Disaster Management (Amendment) Bill, 2024.mp3",Audio_01_00098.mp3,1,1
Rajiv Ranjan Singh_s Remarks ÔΩú Discussion on the Journey of 75 Years of the Constitution of India.mp3,Audio_01_00099.mp3,1,1
"LS ÔΩú Shyamkumar Daulat Barve‚Äôs Remarks ÔΩú The Disaster Management (Amendment) Bill, 2024.mp3",Audio_01_00100.mp3,1,1
Imran Masood_s Remarks ÔΩú Discussion on the Journey of 75 Years of the Constitution of India.mp3,Audio_01_00101.mp3,1,1
K. Subbarayan‚Äôs Remarks ÔΩú Discussion on the Journey of 75 Years of the Constitution of India.mp3,Audio_01_00102.mp3,1,1
Kiren Rijiju‚Äôs Remarks ÔΩú Discussion on the Journey of 75 Years of the Constitution of India.mp3,Audio_01_00103.mp3,1,1
Dr. Byreddy Shabari_s Remarks ÔΩú Discussion on the Journey of 75 Years of the Constitution of India.mp3,Audio_01_00104.mp3,1,1
LS ÔΩú Jagdambika Pal_s Remarks ÔΩú Supplementary Demands for Grants - First Batch for 2024-25.mp3,Audio_01_00105.mp3,1,1
"LS ÔΩú Chhotelal_s Remarks ÔΩú The Disaster Management (Amendment) Bill, 2024.mp3",Audio_01_00106.mp3,1,1
"LS ÔΩú Question Hour ÔΩú Winter Session 2024 ÔΩú 11_00 AM - 12_00 PM ÔΩú 12 December, 2024.mp3",Audio_01_00107.mp3,1,1
"LS ÔΩú Papers laid on the table ÔΩú Standing Committee Report ÔΩú Statements by Ministers ÔΩú 18 Dec, 2024.mp3",Audio_01_00108.mp3,1,1
Kumari Selja_s Remarks ÔΩú Discussion on the Journey of 75 Years of the Constitution of India.mp3,Audio_01_00109.mp3,1,1
Ravi Shankar Prasad_s Remarks ÔΩú Discussion on the Journey of 75 Years of the Constitution of India.mp3,Audio_01_00110.mp3,1,1
T. R. Baalu_s Remarks ÔΩú Discussion on the Journey of 75 Years of the Constitution of India.mp3,Audio_01_00111.mp3,1,1
Mohammad Jawed_s Remarks ÔΩú Discussion on the Journey of 75 Years of the Constitution of India.mp3,Audio_01_00112.mp3,1,1
"Dr. Kirsan Namdeo_s Remarks ÔΩú The Readjustment of Representation of ST State of Goa Bill, 2024.mp3",Audio_01_00113.mp3,1,1
"LS ÔΩú Rajesh Verma_s Remarks ÔΩú The Disaster Management (Amendment) Bill, 2024.mp3",Audio_01_00114.mp3,1,1
LS ÔΩú Naresh Ganpat Mhaske_s Remarks ÔΩú Supplementary Demands for Grants - First Batch for 2024-25.mp3,Audio_01_00115.mp3,1,1
"LS ÔΩú Anil Yeshwant Desai_s Remarks ÔΩú The Disaster Management (Amendment) Bill, 2024.mp3",Audio_01_00116.mp3,1,1
"LS ÔΩú Zero Hour ÔΩú Winter Session 2024 ÔΩú 1_00 PM To 02_03 PM ÔΩú 16 December, 2024.mp3",Audio_01_00117.mp3,1,1
LS ÔΩú Hanuman Beniwal_s Remarks ÔΩú Supplementary Demands for Grants - First Batch for 2024-25.mp3,Audio_01_00118.mp3,1,1
R Ranjan alias Pappu Yadav_s Remarks ÔΩú Supplementary Demands for Grants - First Batch for 2024-25.mp3,Audio_01_00119.mp3,1,1
LIVEÔºö BSP Chief Mayawati Press Conference ÔΩú Lucknow ÔΩú BJP ÔΩú SP ÔΩú Reservation ÔΩú Mayawati Birthday.mp3,Audio_01_00120.mp3,1,1
Dr. Amar Singh_s Remarks ÔΩú Supplementary Demands for Grants - First Batch for 2024-25.mp3,Audio_01_00121.mp3,1,1
Abhijit Gangopadhyay_s Remarks ÔΩú Discussion on the Journey of 75 Years of the Constitution of India.mp3,Audio_01_00122.mp3,1,1
"MoS (IC), Law & Justice Arjun Ram Meghwal introduces 02 bills in Lok Sabha.mp3",Audio_01_00123.mp3,1,1
"LS ÔΩú Virendra Singh‚Äôs Remarks ÔΩú The Disaster Management (Amendment) Bill, 2024.mp3",Audio_01_00124.mp3,1,1
INDIA Bloc_s Mega Rally LIVEÔΩú Rally In Delhi ÔΩúCM Arvind Kejriwal_s Arrest ÔΩú Lok Sabha Polls Coverage.mp3,Audio_01_00125.mp3,1,1
"LS ÔΩú Question Hour ÔΩú Winter Session 2024 ÔΩú 11_00 AM - 12_00 PM ÔΩú 13 December, 2024.mp3",Audio_01_00126.mp3,1,1
"LS ÔΩúDr. Alok Kumar Suman_s Remarks ÔΩúThe Readjustment of Representation of ST State of Goa Bill, 2024.mp3",Audio_01_00127.mp3,1,1
"LS ÔΩú Vishaldada Prakashbapu Patil‚Äôs Remarks ÔΩú The Disaster Management (Amendment) Bill, 2024.mp3",Audio_01_00128.mp3,1,1
M.Mallesh Babu‚Äôs Remarks ÔΩú Discussion on the Journey of 75 Years of the Constitution of India.mp3,Audio_01_00129.mp3,1,1
"LS ÔΩú Papers laid on the table ÔΩú Standing Committee Report ÔΩú  16 Dec, 2024.mp3",Audio_01_00130.mp3,1,1
"Captain Viriato Fernandes_ Remarks ÔΩúThe Readjustment of Representation of ST State of Goa Bill, 2024.mp3",Audio_01_00131.mp3,1,1
LS ÔΩú Kiren Rijiju‚Äôs Remarks ÔΩú Supplementary Demands for Grants - First Batch for 2024-25.mp3,Audio_01_00132.mp3,1,1
"LS ÔΩú M. Mallesh Babu‚Äôs Remarks ÔΩú The Disaster Management (Amendment) Bill, 2024.mp3",Audio_01_00133.mp3,1,1
LS ÔΩú Ravindra Dattaram Waikar_s RemarksÔΩú Supplementary Demands for Grants - First Batch for 2024-25.mp3,Audio_01_00134.mp3,1,1
"LS ÔΩú Santosh Pandey_s Remarks ÔΩú The Disaster Management (Amendment) Bill, 2024.mp3",Audio_01_00135.mp3,1,1
Bhartruhari Mahtab_s Remarks ÔΩú Discussion on the Journey of 75 Years of the Constitution of India.mp3,Audio_01_00136.mp3,1,1
Mahua Moitra‚Äôs Remarks ÔΩú Discussion on the Journey of 75 Years of the Constitution of India.mp3,Audio_01_00137.mp3,1,1
"Zia Ur Rehman‚Äôs RemarksÔΩú Discussion on the Journey of 75 Years of the Constitution ÔΩú 14 Dec, 2024.mp3",Audio_01_00138.mp3,1,1
The Second Presidential DebateÔºö Hillary Clinton and Donald Trump (Full Debate) ÔΩú CNBC.mp3,Audio_01_00139.mp3,1,1
Arvind Kejriwal ‡§ï‡•Ä Haryana ‡§ï‡•á Rewari ‡§Æ‡•á‡§Ç ‡§ú‡§®‡§∏‡§≠‡§æ ‡§ï‡§æ‡§∞‡•ç‡§Ø‡§ï‡•ç‡§∞‡§Æ ÔΩú AAP Haryana ÔΩú Haryana Elections 2024.mp3,Audio_01_00140.mp3,1,1
LS ÔΩú Raj Nath Singh_s Remarks ÔΩú Discussion on the Journey of 75 Years of the Constitution of India.mp3,Audio_01_00141.mp3,1,1
"Tejasvi Surya‚Äôs RemarksÔΩú Discussion on the Journey of 75 Years of the Constitution ÔΩú 14 Dec, 2024.mp3",Audio_01_00142.mp3,1,1
"LS ÔΩú Obituary References made by Lok Sabha Speaker ÔΩú 14 December, 2024.mp3",Audio_01_00143.mp3,1,1
"Dhaval Laxmanbhai Patel_s Remarks ÔΩúThe Readjustment of Representation of ST State of Goa Bill, 2024.mp3",Audio_01_00144.mp3,1,1
Malvinder Singh Kang‚Äôs Remarks ÔΩú Discussion on the Journey of 75 Years of the Constitution of India.mp3,Audio_01_00145.mp3,1,1
"LS ÔΩú N. K. Premachandran‚Äôs Remarks ÔΩú The Disaster Management (Amendment) Bill, 2024.mp3",Audio_01_00146.mp3,1,1
"LS ÔΩú Umeshbhai Babubhai Patel‚Äôs Remarks ÔΩú The Disaster Management (Amendment) Bill, 2024.mp3",Audio_01_00147.mp3,1,1
Priyanka Gandhi Vadra_s Remarks ÔΩú Discussion on the Journey of 75 Years of the Constitution of India.mp3,Audio_01_00148.mp3,1,1
"LS ÔΩú Anand Bhadauriya‚Äôs Remarks ÔΩú The Disaster Management (Amendment) Bill, 2024.mp3",Audio_01_00149.mp3,1,1
Kamala Harris_s full speech to the Democratic National Convention.mp3,Audio_01_00150.mp3,1,1
Anurag Singh Thakur_s Remarks ÔΩú Discussion on the Journey of 75 Years of the Constitution of India.mp3,Audio_01_00151.mp3,1,1
Kodikunnil Suresh_s Remarks ÔΩú Discussion on the Journey of 75 Years of the Constitution of India.mp3,Audio_01_00152.mp3,1,1
LS ÔΩú Nishikant Dubey_s Remarks ÔΩú Supplementary Demands for Grants - First Batch for 2024-25.mp3,Audio_01_00153.mp3,1,1
Raja Ram Singh_s  Remarks ÔΩú Discussion on the Journey of 75 Years of the Constitution of India.mp3,Audio_01_00154.mp3,1,1
Adv. Chandrashekhar_s Remarks ÔΩú Discussion on the Journey of 75 Years of the Constitution of India.mp3,Audio_01_00155.mp3,1,1
S. Jothimani_s Remarks ÔΩú Discussion on the Journey of 75 Years of the Constitution of India.mp3,Audio_01_00156.mp3,1,1
"Live Ôºö Corner Meeting, Smt Priyanka Gandhi Ji,Pothukallu, Nilambur LAC, Wayanad.mp3",Audio_01_00157.mp3,1,1
Gurumoorthy Maddila_s Remarks ÔΩú Discussion on the Journey of 75 Years of the Constitution of India.mp3,Audio_01_00158.mp3,1,1
"LS ÔΩú 02 Bills for Reference to Joint Committee ÔΩú 20 Dec, 2024.webm.part",Audio_01_00159.mp3,1,1
"Lok Sabha Speaker Om Birla welcomes the Armenian Parliamentary delegation ÔΩú 17 December, 2024.mp3",Audio_01_00160.mp3,1,1
Sanjay Singh SpeechÔºö Rajya Sabha ‡§Æ‡•á‡§Ç ‡§∏‡§Ç‡§ú‡§Ø ‡§∏‡§ø‡§Ç‡§π ‡§ï‡§æ ‡§¶‡§ø‡§ñ‡§æ ‡§∞‡•å‡§¶‡•ç‡§∞ ‡§∞‡•Å‡§™ ÔΩú JP Nadda ÔΩú AAP ÔΩú Delhi Voter List.mp3,Audio_01_00161.mp3,1,1
Arvind Ganpat Sawant‚Äôs Remarks ÔΩú Discussion on the Journey of 75 Years of the Constitution of India.mp3,Audio_01_00162.mp3,1,1
Lok Sabha pays tribute to martyrs who sacrificed lives during Parliament attack.mp3,Audio_01_00163.mp3,1,1
Aparajita Sarangi_s Remarks ÔΩú Discussion on the Journey of 75 Years of the Constitution of India.mp3,Audio_01_00164.mp3,1,1
"LS ÔΩú Winter Session 2024 ÔΩú 1_00 PM To 01_02 PM ÔΩú 12 December, 2024.mp3",Audio_01_00165.mp3,1,1
Sribharat Mathukumili_s Remarks ÔΩú Supplementary Demands for Grants - First Batch for 2024-25.mp3,Audio_01_00166.mp3,1,1
LS ÔΩú Chamala Kiran K. Reddy_s Remarks ÔΩú Supplementary Demands for Grants - First Batch for 2024-25.mp3,Audio_01_00167.mp3,1,1
LS ÔΩú Dr. M K Vishnuprasad_s Remarks ÔΩú Supplementary Demands for Grants - First Batch for 2024-25.mp3,Audio_01_00168.mp3,1,1
LS ÔΩú Durai Vaiko_s Remarks ÔΩú Supplementary Demands for Grants - First Batch for 2024-25.mp3,Audio_01_00169.mp3,1,1
Rahul Gandhi‚Äôs Remarks ÔΩú Discussion on the Journey of 75 Years of the Constitution of India.mp3,Audio_01_00170.mp3,1,1
Dr. D. Purandeswari‚Äôs Remarks ÔΩú Discussion on the Journey of 75 Years of the Constitution of India.mp3,Audio_01_00171.mp3,1,1
"FULL SPEECHÔºö Kamala Harris at the Ellipse in Washington, DC.mp3",Audio_01_00172.mp3,1,1
President Droupadi Murmu addresses the Officer Trainees of Indian Police Service (74th RR Batch).mp3,Audio_01_00173.mp3,1,1
"Lok Sabha Speaker Om Birla Congratulates D. Gukesh on Winning World Chess Championship ÔΩú13 Dec, 2024.mp3",Audio_01_00174.mp3,1,1
"LS ÔΩú Papers laid on the table ÔΩú Committee Report ÔΩú Statements by Ministers  ÔΩú 13 Dec, 2024.mp3",Audio_01_00175.mp3,1,1
"Sukhdeo Bhagat‚Äôs RemarksÔΩú Discussion on the Journey of 75 Years of the Constitution ÔΩú 14 Dec, 2024.mp3",Audio_01_00176.mp3,1,1
"Message from Rajya Sabha ÔΩú Secretary General ÔΩú 14 December, 2024.mp3",Audio_01_00177.mp3,1,1
LS ÔΩú Anil Yeshwant Desai_s Remarks ÔΩú Supplementary Demands for Grants - First Batch for 2024-25.mp3,Audio_01_00178.mp3,1,1
Asaduddin Owaisi_s Remarks ÔΩú Discussion on the Journey of 75 Years of the Constitution of India.mp3,Audio_01_00179.mp3,1,1
"LS ÔΩú Saptagiri Sankar Ulaka_s Remarks ÔΩú The Disaster Management (Amendment) Bill, 2024.mp3",Audio_01_00180.mp3,1,1
"LS ÔΩú Question Hour ÔΩú Winter Session 2024 ÔΩú 11_00 AM - 12_00 PM ÔΩú 16 December, 2024.mp3",Audio_01_00181.mp3,1,1
WatchÔºö Full Speech Of Sushma Swaraj At UN.mp3,Audio_01_00182.mp3,1,1
E.T. Mohammed Basheer‚Äôs Remarks ÔΩú Discussion on the Journey of 75 Years of the Constitution of India.mp3,Audio_01_00183.mp3,1,1
Lavu Sri k Devarayalu_s Remarks ÔΩú Discussion on the Journey of 75 Years of the Constitution of India.mp3,Audio_01_00184.mp3,1,1
P. P. Chaudhary_s Remarks ÔΩú Discussion on the Journey of 75 Years of the Constitution of India.mp3,Audio_01_00185.mp3,1,1
"LS ÔΩú Ram Shiromani Verma_s Remarks ÔΩú The Disaster Management (Amendment) Bill, 2024.mp3",Audio_01_00186.mp3,1,1
Hanuman Beniwal‚Äôs Remarks ÔΩú Discussion on the Journey of 75 Years of the Constitution of India.mp3,Audio_01_00187.mp3,1,1
Sukhjinder S Randhawa‚Äôs Remarks ÔΩú Discussion on the Journey of 75 Years of the Constitution of India.mp3,Audio_01_00188.mp3,1,1
"LS ÔΩú Arun Nehru_s Remarks ÔΩú The Disaster Management (Amendment) Bill, 2024.mp3",Audio_01_00189.mp3,1,1
A. Raja_s Remarks ÔΩú Discussion on the Journey of 75 Years of the Constitution of India.mp3,Audio_01_00190.mp3,1,1
Shambhavi‚Äôs Remarks ÔΩú Discussion on the Journey of 75 Years of the Constitution of India.mp3,Audio_01_00191.mp3,1,1
"Raju Bista_s Remarks ÔΩú The Readjustment of Representation of ST State of Goa Bill, 2024.mp3",Audio_01_00192.mp3,1,1
"Dr. Gumma Thanuja Rani_s Remarks ÔΩú The Readjustment of Representation of ST State of Goa Bill, 2024.mp3",Audio_01_00193.mp3,1,1
"LS ÔΩú Adv. Dean Kuriakose‚Äôs Remarks ÔΩú The Disaster Management (Amendment) Bill, 2024.mp3",Audio_01_00194.mp3,1,1
"LS ÔΩú Winter Session ÔΩú TimeÔºö 17_53 PM - 17Ôºö 56 PM ÔΩú 13 December, 2024.mp3",Audio_01_00195.mp3,1,1
"Ambica G Lakshminarayana_s Remarks ÔΩúThe Readjustment of Representation of ST State of Goa Bill, 2024.mp3",Audio_01_00196.mp3,1,1
LS ÔΩú K C Venugopal‚Äôs Remarks ÔΩú Supplementary Demands for Grants - First Batch for 2024-25.mp3,Audio_01_00197.mp3,1,1
LS ÔΩú Dr. Sanjay Jaiswal_s Remarks ÔΩú Supplementary Demands for Grants - First Batch for 2024-25.mp3,Audio_01_00198.mp3,1,1
Iqra Choudhary‚Äôs Remarks ÔΩú Discussion on the Journey of 75 Years of the Constitution of India.mp3,Audio_01_00199.mp3,1,1
LS ÔΩú Gurmeet Singh Meet Hayer_s RemarksÔΩú Supplementary Demands for Grants - First Batch for 2024-25.mp3,Audio_01_00200.mp3,1,1
üî¥ LIVE - FIRST EVER STREAM ON YOUTUBE Ôºö) Q&A + youtube vs twitch showdown with friends!.mp3,Audio_01_00201.mp3,1,1
"Voting & Passing ÔΩú The Disaster Management (Amendment) Bill, 2024..mp3",Audio_01_00202.mp3,1,1
Obituary References made by Lok Sabha Speaker ÔΩú 19 December 2024.mp3,Audio_01_00203.mp3,1,1
LS ÔΩú Dharmendra Yadav_s Remarks ÔΩú Supplementary Demands for Grants - First Batch for 2024-25.mp3,Audio_01_00204.mp3,1,1
Dr. Shrikant Shinde  Remarks ÔΩú Discussion on the Journey of 75 Years of the Constitution of India.mp3,Audio_01_00205.mp3,1,1
"LS ÔΩú Sanjay Uttamrao Deshmukh‚Äôs Remarks ÔΩú The Disaster Management (Amendment) Bill, 2024.mp3",Audio_01_00206.mp3,1,1
"LS ÔΩú Zero Hour ÔΩú Winter Session 2024 ÔΩú 12_04 PM To 12_18 PM ÔΩú 12 December, 2024.mp3",Audio_01_00207.mp3,1,1
"Voting & Passing ÔΩú Supplementary Demands for Grants - First Batch for 2024-2025 ÔΩú 17 December, 2024.mp3",Audio_01_00208.mp3,1,1
Krutika is Live  ‚ù• ÔΩú Cooking Stream Tomorrow.mp3,Audio_01_00209.mp3,1,1
Joyanta Basumatary_s Remarks ÔΩú Discussion on the Journey of 75 Years of the Constitution of India.mp3,Audio_01_00210.mp3,1,1
"LS ÔΩú Papers laid on the table ÔΩú Standing Committee Reports ÔΩú Statements by Ministers  ÔΩú 12 Dec, 2024.mp3",Audio_01_00211.mp3,1,1
Jagdambika Pal‚Äôs Remarks ÔΩú Discussion on the Journey of 75 Years of the Constitution of India.mp3,Audio_01_00212.mp3,1,1
"LS ÔΩú Shankar Lalwani‚Äôs Remarks ÔΩú The Disaster Management (Amendment) Bill, 2024.mp3",Audio_01_00213.mp3,1,1
"LS ÔΩú Sudama Prasad‚Äôs Remarks ÔΩú The Disaster Management (Amendment) Bill, 2024.mp3",Audio_01_00214.mp3,1,1
WATCH LIVEÔºö Kamala Harris speaks at 2024 Democratic National Convention.mp3,Audio_01_00215.mp3,1,1
"LS ÔΩú Sougata Ray‚Äôs Remarks ÔΩú The Disaster Management (Amendment) Bill, 2024.mp3",Audio_01_00216.mp3,1,1
"LS ÔΩú 02 Bills for Reference to Joint Committee ÔΩú 20 Dec, 2024.mp3",Audio_01_00217.mp3,1,1
LS ÔΩú Dr. K. Sudhakar_s Remarks ÔΩú Supplementary Demands for Grants - First Batch for 2024-25.mp3,Audio_01_00218.mp3,1,1
LS ÔΩú Adv K. Francis George_s Remarks ÔΩú Supplementary Demands for Grants - First Batch for 2024-25.mp3,Audio_01_00219.mp3,1,1
"LS ÔΩú Winter Session 2024 ÔΩú 05_00 PM To 05_01 PM ÔΩú 11 December, 2024.mp3",Audio_01_00220.mp3,1,1
"LS ÔΩú Zero Hour ÔΩú Winter Session 2024 ÔΩú 12_00 PM To 01_00 PM ÔΩú 16 December, 2024.mp3",Audio_01_00221.mp3,1,1
